author_name,is_nsfw,comments_count,score,shares,title,upvote_ratio,url
Yorkshire45,FALSE,2057,219177,0,Whoever created the tradition of not seeing the bride in the wedding dress beforehand saved countless husbands everywhere from hours of dress shopping and will forever be a hero to all men.,0.961565976,https://www.reddit.com/r/Showerthoughts/comments/aonp75/whoever_created_the_tradition_of_not_seeing_the/
[deleted],FALSE,1119,182164,0,"We laugh at dogs getting excited when they hear a bark on TV, but if TV was a nonstop stream of unintelligible noises and then someone suddenly spoke to you in your language, you'd be pretty fucking startled too.",0.958563334,https://www.reddit.com/r/Showerthoughts/comments/ek33p5/we_laugh_at_dogs_getting_excited_when_they_hear_a/
zjb55446,FALSE,2829,173466,1,"When you're a kid, you don't realize you're also watching your mom and dad grow up.",0.97081974,https://www.reddit.com/r/Showerthoughts/comments/awd10u/when_youre_a_kid_you_dont_realize_youre_also/
bypirates_myman,FALSE,3577,160086,0,"Dads probably bond with dogs so much because, in our society, men don't get shown a lot of affection but dogs give tons of affection regardless",0.923091459,https://www.reddit.com/r/Showerthoughts/comments/com04g/dads_probably_bond_with_dogs_so_much_because_in/
RodzRodzRodz,FALSE,2338,152603,0,Being able to tolerate the sound of your own voice in a video is probably the highest form of self acceptance.,0.952536185,https://www.reddit.com/r/Showerthoughts/comments/g4d0ij/being_able_to_tolerate_the_sound_of_your_own/
belly_bell,FALSE,5882,144370,0,"Girls don't compliment guys because they're likely to take it non-platonically, guys take it non-platonically because it happens so infrequently they don't know how to handle it",0.916619113,https://www.reddit.com/r/Showerthoughts/comments/ah48kq/girls_dont_compliment_guys_because_theyre_likely/
[deleted],FALSE,1565,143103,0,"If elevators hadn't been invented, all the CEOs and important people would have their offices on the first floor as a sign of status.",0.943738586,https://www.reddit.com/r/Showerthoughts/comments/enw8rz/if_elevators_hadnt_been_invented_all_the_ceos_and/
Fourohfourscore,FALSE,2568,139493,0,"If EA suffers big enough losses from the backlash of Battlefront 2, and it all started because some guy couldn't unlock Vader, this will be the second time Anakin brought balance to something.",0.903319987,https://www.reddit.com/r/Showerthoughts/comments/7d1kop/if_ea_suffers_big_enough_losses_from_the_backlash/
[deleted],FALSE,5350,139446,0,Being able to do well in high school without having to put in much effort is actually a big disadvantage later in life.,0.917392567,https://www.reddit.com/r/Showerthoughts/comments/a400tw/being_able_to_do_well_in_high_school_without/
Raghnarok,FALSE,2335,138496,0,"During a nuclear explosion, there is a certain distance of the radius where all the frozen supermarket pizzas are cooked to perfection.",0.889936649,https://www.reddit.com/r/Showerthoughts/comments/e0omqn/during_a_nuclear_explosion_there_is_a_certain/
Canadaba11,FALSE,2140,137934,0,Anxiety is like when video game combat music is playing but you can't find any enemies.,0.913982963,https://www.reddit.com/r/Showerthoughts/comments/7mhv6a/anxiety_is_like_when_video_game_combat_music_is/
pyro925,FALSE,1433,137706,0,Pavlov probably thought about feeding his dogs every time someone rang a bell.,0.939416294,https://www.reddit.com/r/Showerthoughts/comments/dy1no2/pavlov_probably_thought_about_feeding_his_dogs/
pluey200,FALSE,1690,137302,0,"11 babies have been born in Antarctica, and none of them died as infants, meaning Antarctica has the lowest infant mortality rate at 0%",0.948149317,https://www.reddit.com/r/Showerthoughts/comments/ad1ppe/11_babies_have_been_born_in_antarctica_and_none/
Cryptic_Cosmos,FALSE,1075,129669,0,"We do not check the refrigerator multiple times to find new food, we check to see if our standards have dropped enough to eat what was available.",0.882365518,https://www.reddit.com/r/Showerthoughts/comments/in07hy/we_do_not_check_the_refrigerator_multiple_times/
Stormfly,FALSE,2752,127318,0,"The sentence ""Don't objectify women"" has ""women"" as the object of the sentence.",0.881688322,https://www.reddit.com/r/Showerthoughts/comments/9h5p8v/the_sentence_dont_objectify_women_has_women_as/
LifeInKernelSpace,FALSE,2369,126551,0,"Somebody at google was just like ""yea, just have someone drive down every road on fucking earth"".",0.928270739,https://www.reddit.com/r/Showerthoughts/comments/7h9y6v/somebody_at_google_was_just_like_yea_just_have/
SightlessSenshi,FALSE,3940,125483,0,"College students don't want to go to graduation ceremonies, but they go to please their relatives, while relatives don't want to go but go to support the students; we should all just be honest and skip that ceremony and go out for pizza.",0.881170346,https://www.reddit.com/r/Showerthoughts/comments/7o6kn8/college_students_dont_want_to_go_to_graduation/
LordMetrognome,FALSE,2510,124615,0,"There is probably at least one white guy, adopted and raised in China, who speaks English with a Chinese accent and strangers just assume he's a total asshole",0.938304631,https://www.reddit.com/r/Showerthoughts/comments/c0tucx/there_is_probably_at_least_one_white_guy_adopted/
TripleRangeMerge,FALSE,2263,123383,0,"Apparently, a lemon is not naturally occurring and is a hybrid developed by cross breeding a bitter orange and a citron. Life never gave us lemons; we invented them all by ourselves.",0.907466454,https://www.reddit.com/r/Showerthoughts/comments/9401u1/apparently_a_lemon_is_not_naturally_occurring_and/
themadpooper,FALSE,6058,122321,0,Being 35 and not wanting to work in the field for which you've prepared is like being half way through an RPG and realizing you've built out your skill tree all wrong and you can't respec and you can't make a new character and there will never be another video game again,0.896522349,https://www.reddit.com/r/Showerthoughts/comments/7ox9b3/being_35_and_not_wanting_to_work_in_the_field_for/
TerminalGay,FALSE,2603,122025,0,It would be cool if after you died you could see the top 5 times you almost died.,0.945721756,https://www.reddit.com/r/Showerthoughts/comments/atfp74/it_would_be_cool_if_after_you_died_you_could_see/
Aristea84,FALSE,4300,121822,0,It kinda makes sense that the target audience for fidget spinners lost interest in them so quickly,0.946594574,https://www.reddit.com/r/Showerthoughts/comments/7cif01/it_kinda_makes_sense_that_the_target_audience_for/
SilentWalrus92,FALSE,8597,121563,0,"Avatar, the highest grossing film of all time, seems to have made zero impact on culture. No one references the movie and no one really talks about it since it was released 10 years ago.",0.915567157,https://www.reddit.com/r/Showerthoughts/comments/akoj7e/avatar_the_highest_grossing_film_of_all_time/
BillionTonsHyperbole,FALSE,2385,120955,0,"A guy named ""Weird Al"" has had a 40+ year long career with no allegations of sexual impropriety.",0.898295916,https://www.reddit.com/r/Showerthoughts/comments/9ak0d0/a_guy_named_weird_al_has_had_a_40_year_long/
[deleted],FALSE,1714,120468,0,"We all think of Gordon Ramsay as an extremely picky food critic/chef but if your life's work was cooking and you saw a narcissistic restaurant manager breaking health code violations and making horrible food, you'd be pretty angry too.",0.863549572,https://www.reddit.com/r/Showerthoughts/comments/exc396/we_all_think_of_gordon_ramsay_as_an_extremely/
